ssn,age,education,marital-status,relationship,sex,income
723-72-3723,42.0,,Married-civ-spouse,Husband,Male,
940-94-0940,53.0,,Divorced,Not-in-family,Male,
545-54-5545,44.0,,,,Male,<=50K
013-01-3013,40.0,,,Husband,Male,<=50K
039-03-9039,37.0,,Divorced,Not-in-family,Male,
157-15-7157,44.0,,Married-civ-spouse,Husband,,
083-08-3083,38.0,Some-college,Married-civ-spouse,Husband,,
768-76-8768,73.0,HS-grad,Widowed,,,>50K
222-22-2222,,Some-college,Never-married,Own-child,,<=50K
725-72-5725,33.0,,,,Female,
111-11-1111,56.0,,Married-civ-spouse,Husband,,>50K
460-46-0460,42.0,Bachelors,Never-married,Not-in-family,,
996-99-6996,41.0,,,Husband,,
660-66-0660,,Bachelors,Married-civ-spouse,Husband,,<=50K
585-58-5585,22.0,,Married-civ-spouse,,,
733-73-3733,23.0,5th-6th,,Not-in-family,Male,
283-28-3283,19.0,HS-grad,Never-married,Own-child,Female,
427-42-7427,58.0,Some-college,Married-civ-spouse,Husband,Male,
478-47-8478,57.0,Masters,Married-civ-spouse,Husband,,>50K
869-86-9869,68.0,10th,Married-civ-spouse,Husband,Male,<=50K
286-28-6286,,,Never-married,Own-child,Male,<=50K
773-77-3773,56.0,,Married-civ-spouse,Husband,Male,<=50K
238-23-8238,39.0,HS-grad,Married-civ-spouse,Wife,Female,<=50K
657-65-7657,55.0,Prof-school,Married-civ-spouse,,Male,>50K
631-63-1631,23.0,,,Not-in-family,Female,<=50K
959-95-9959,46.0,Some-college,Married-civ-spouse,Wife,,>50K
548-54-8548,23.0,,Never-married,Not-in-family,Female,
710-71-0710,,Some-college,Never-married,Unmarried,Male,<=50K
626-62-6626,41.0,Bachelors,Married-civ-spouse,Husband,,
535-53-5535,36.0,Bachelors,Married-civ-spouse,Husband,Male,<=50K
615-61-5615,30.0,HS-grad,,,Male,
814-81-4814,56.0,,Married-civ-spouse,,,
892-89-2892,39.0,,Never-married,Not-in-family,Female,<=50K
577-57-7577,42.0,,,Other-relative,,
482-48-2482,19.0,Some-college,Married-civ-spouse,Wife,,
693-69-3693,46.0,HS-grad,Divorced,Not-in-family,,
447-44-7447,44.0,Assoc-acdm,,Husband,,<=50K
291-29-1291,45.0,,Divorced,,Female,<=50K
325-32-5325,,Some-college,,Husband,Male,
091-09-1091,48.0,,Married-civ-spouse,Husband,,>50K
547-54-7547,32.0,HS-grad,,,,<=50K
896-89-6896,38.0,,Married-civ-spouse,Husband,Male,<=50K
888-88-8888,48.0,HS-grad,Married-civ-spouse,Wife,Female,
070-07-0070,20.0,,Never-married,Own-child,,<=50K
058-05-8058,49.0,,Married-civ-spouse,Husband,Male,
278-27-8278,46.0,HS-grad,Married-civ-spouse,,Male,
506-50-6506,26.0,,,Husband,Male,<=50K
367-36-7367,24.0,Some-college,Divorced,Unmarried,,<=50K
247-24-7247,29.0,,,Not-in-family,Male,>50K
562-56-2562,33.0,Bachelors,,Husband,,<=50K
680-68-0680,42.0,HS-grad,Married-civ-spouse,Husband,Male,
842-84-2842,36.0,,,Wife,,>50K
031-03-1031,,Bachelors,Divorced,Not-in-family,Female,
705-70-5705,23.0,Assoc-acdm,,Own-child,Female,
927-92-7927,25.0,Masters,Married-civ-spouse,Husband,Male,<=50K
948-94-8948,28.0,Bachelors,Never-married,,,
537-53-7537,45.0,HS-grad,Separated,Unmarried,Male,<=50K
713-71-3713,30.0,,,Not-in-family,Female,>50K
696-69-6696,36.0,Some-college,,,,
440-44-0440,29.0,Assoc-voc,Married-civ-spouse,Husband,Male,
712-71-2712,26.0,Bachelors,Never-married,Not-in-family,Male,<=50K
599-59-9599,24.0,Some-college,Never-married,Unmarried,Female,
473-47-3473,43.0,,,Husband,,<=50K
516-51-6516,23.0,,Never-married,Own-child,Female,<=50K
385-38-5385,27.0,Some-college,Married-civ-spouse,Husband,,<=50K
274-27-4274,34.0,,Divorced,Unmarried,Female,<=50K
846-84-6846,60.0,Bachelors,,Unmarried,Female,<=50K
881-88-1881,23.0,,Never-married,,,
584-58-4584,64.0,,,Not-in-family,,
952-95-2952,23.0,Bachelors,Married-civ-spouse,Husband,,
033-03-3033,,Bachelors,Never-married,Own-child,Female,<=50K
014-01-4014,37.0,Masters,Never-married,Unmarried,,<=50K
650-65-0650,,Bachelors,,Not-in-family,Female,>50K
322-32-2322,44.0,,Married-civ-spouse,Husband,Male,>50K
204-20-4204,52.0,HS-grad,Married-civ-spouse,Husband,,>50K
126-12-6126,18.0,,Never-married,Own-child,,<=50K
849-84-9849,30.0,HS-grad,,Husband,Male,>50K
235-23-5235,22.0,HS-grad,Never-married,Not-in-family,,
067-06-7067,29.0,,Married-civ-spouse,Husband,Male,
345-34-5345,21.0,HS-grad,,Not-in-family,,
666-66-6666,34.0,,Divorced,Unmarried,Female,>50K
346-34-6346,38.0,Bachelors,Married-civ-spouse,Husband,,
077-07-7077,19.0,,Never-married,,Female,
279-27-9279,47.0,Masters,Married-civ-spouse,Husband,,
166-16-6166,42.0,Assoc-acdm,Divorced,,Female,<=50K
966-96-6966,31.0,,Never-married,,Female,<=50K
687-68-7687,42.0,Masters,Married-civ-spouse,,,<=50K
889-88-9889,24.0,Some-college,Never-married,Not-in-family,Male,<=50K
483-48-3483,46.0,,Married-civ-spouse,Husband,,>50K
503-50-3503,,,Never-married,,,
417-41-7417,35.0,HS-grad,,Husband,,<=50K
690-69-0690,48.0,Bachelors,Never-married,Unmarried,,
151-15-1151,22.0,Some-college,Never-married,Own-child,,
943-94-3943,52.0,HS-grad,Married-civ-spouse,Husband,,
315-31-5315,29.0,HS-grad,Separated,Unmarried,Female,<=50K
608-60-8608,27.0,,Never-married,Unmarried,,<=50K
415-41-5415,46.0,HS-grad,Divorced,Not-in-family,,
597-59-7597,20.0,HS-grad,,Own-child,,
480-48-0480,59.0,HS-grad,Married-civ-spouse,Husband,Male,
154-15-4154,20.0,Some-college,Never-married,Own-child,Male,<=50K
534-53-4534,48.0,,Divorced,Unmarried,Female,
877-87-7877,30.0,HS-grad,Married-civ-spouse,Husband,Male,<=50K
964-96-4964,52.0,Doctorate,,,Male,<=50K
983-98-3983,,Assoc-voc,Never-married,,,<=50K
094-09-4094,32.0,Some-college,Never-married,Own-child,Female,
451-45-1451,46.0,Prof-school,Separated,,Female,<=50K
864-86-4864,45.0,,Married-civ-spouse,Wife,,
669-66-9669,39.0,Some-college,Married-civ-spouse,Husband,,
954-95-4954,30.0,Bachelors,Married-civ-spouse,Wife,Female,>50K
497-49-7497,,,Married-civ-spouse,Husband,,
558-55-8558,37.0,Some-college,Divorced,Unmarried,,
823-82-3823,63.0,Assoc-acdm,,Husband,Male,<=50K
638-63-8638,49.0,,Married-civ-spouse,Husband,Male,
681-68-1681,29.0,,Married-civ-spouse,Wife,,>50K
113-11-3113,60.0,10th,Divorced,Unmarried,,
056-05-6056,32.0,HS-grad,Married-civ-spouse,Husband,,<=50K
790-79-0790,69.0,HS-grad,Married-civ-spouse,Husband,Male,<=50K
972-97-2972,45.0,Bachelors,Never-married,Not-in-family,Male,<=50K
809-80-9809,69.0,HS-grad,,Husband,Male,<=50K
682-68-2682,49.0,Prof-school,,,Male,>50K
635-63-5635,50.0,Bachelors,Married-civ-spouse,Husband,Male,
249-24-9249,39.0,HS-grad,Married-civ-spouse,Husband,Male,
514-51-4514,,Some-college,Never-married,,Male,<=50K
104-10-4104,45.0,,,Husband,,<=50K
968-96-8968,35.0,,Married-civ-spouse,Husband,,>50K
955-95-5955,45.0,HS-grad,Divorced,,Male,>50K
854-85-4854,20.0,,Never-married,Not-in-family,Male,<=50K
686-68-6686,30.0,,Married-civ-spouse,,Male,
292-29-2292,49.0,Bachelors,,,Male,
500-50-0500,28.0,HS-grad,Married-civ-spouse,Husband,Male,
572-57-2572,45.0,HS-grad,,,,
532-53-2532,37.0,Some-college,Never-married,Not-in-family,,
418-41-8418,23.0,10th,Never-married,Not-in-family,Female,<=50K
004-00-4004,29.0,Some-college,Divorced,Not-in-family,Male,<=50K
536-53-6536,40.0,Some-college,Widowed,Unmarried,Male,
587-58-7587,46.0,HS-grad,Married-civ-spouse,Husband,Male,
173-17-3173,43.0,,Married-civ-spouse,,,>50K
861-86-1861,43.0,Bachelors,,Unmarried,Female,
366-36-6366,46.0,HS-grad,,,Female,
527-52-7527,36.0,,Married-civ-spouse,Husband,Male,<=50K
264-26-4264,76.0,10th,Married-civ-spouse,,,<=50K
900-90-0900,32.0,,Never-married,Unmarried,Male,
198-19-8198,38.0,HS-grad,Divorced,,,
557-55-7557,75.0,HS-grad,Married-civ-spouse,Husband,,>50K
748-74-8748,54.0,HS-grad,Widowed,Unmarried,,>50K
135-13-5135,48.0,,Married-civ-spouse,,Male,>50K
133-13-3133,21.0,HS-grad,Separated,Unmarried,,
495-49-5495,,11th,Never-married,,Male,<=50K
956-95-6956,51.0,HS-grad,,Unmarried,Female,
256-25-6256,,,,Unmarried,Female,
935-93-5935,21.0,Bachelors,Never-married,Unmarried,,<=50K
830-83-0830,67.0,9th,Married-civ-spouse,Husband,,
377-37-7377,26.0,Some-college,,Wife,,
336-33-6336,43.0,Assoc-acdm,Married-civ-spouse,Husband,Male,>50K
082-08-2082,22.0,HS-grad,,Not-in-family,Female,
826-82-6826,61.0,11th,Married-civ-spouse,Husband,,>50K
476-47-6476,54.0,,Married-civ-spouse,Husband,Male,<=50K
402-40-2402,43.0,,Married-civ-spouse,Husband,Male,
048-04-8048,32.0,HS-grad,,Husband,,<=50K
071-07-1071,22.0,11th,,,Female,
443-44-3443,49.0,Bachelors,Married-civ-spouse,Husband,Male,>50K
859-85-9859,38.0,Bachelors,,,Female,
463-46-3463,53.0,Doctorate,,,,
698-69-8698,65.0,Doctorate,Married-civ-spouse,Husband,Male,<=50K
799-79-9799,,HS-grad,Never-married,Other-relative,,
917-91-7917,63.0,Some-college,Married-civ-spouse,Husband,Male,
549-54-9549,21.0,Some-college,Never-married,Own-child,,
817-81-7817,32.0,HS-grad,Married-civ-spouse,Wife,Female,>50K
046-04-6046,52.0,Masters,,Unmarried,Female,
069-06-9069,27.0,,Married-civ-spouse,Wife,Female,<=50K
409-40-9409,40.0,HS-grad,Never-married,Own-child,Female,>50K
879-87-9879,18.0,Some-college,,,Male,<=50K
426-42-6426,26.0,Assoc-acdm,Divorced,Unmarried,,<=50K
533-53-3533,19.0,HS-grad,Never-married,Own-child,Female,<=50K
125-12-5125,54.0,,Married-civ-spouse,Husband,Male,
246-24-6246,30.0,Bachelors,Married-spouse-absent,Unmarried,,
646-64-6646,33.0,,Never-married,,,
525-52-5525,,HS-grad,,Husband,,
485-48-5485,48.0,,,,,
539-53-9539,19.0,10th,Never-married,Own-child,,<=50K
358-35-8358,25.0,,Never-married,,Male,
150-15-0150,44.0,10th,Never-married,,,<=50K
909-90-9909,46.0,,Divorced,Not-in-family,,
958-95-8958,29.0,HS-grad,Never-married,,Male,<=50K
922-92-2922,,Some-college,Never-married,Own-child,Male,<=50K
296-29-6296,45.0,,Never-married,Not-in-family,Male,
727-72-7727,39.0,,,Not-in-family,,
017-01-7017,45.0,HS-grad,,Husband,Male,<=50K
499-49-9499,51.0,12th,Divorced,Unmarried,Female,<=50K
858-85-8858,28.0,Some-college,Married-civ-spouse,Husband,Male,<=50K
092-09-2092,33.0,HS-grad,Married-civ-spouse,Husband,Male,
665-66-5665,25.0,Doctorate,Never-married,Own-child,Male,
633-63-3633,28.0,,,Unmarried,Female,
903-90-3903,,,Divorced,Other-relative,Male,
740-74-0740,51.0,Prof-school,Married-civ-spouse,Wife,Female,
555-55-5555,40.0,HS-grad,Married-civ-spouse,Husband,Male,<=50K
737-73-7737,29.0,Some-college,Divorced,Not-in-family,Female,<=50K
352-35-2352,31.0,,Divorced,Own-child,Female,<=50K
554-55-4554,19.0,Some-college,Never-married,Not-in-family,,<=50K
827-82-7827,38.0,Assoc-voc,Never-married,Own-child,Male,
765-76-5765,31.0,Bachelors,Married-civ-spouse,Wife,,<=50K
551-55-1551,48.0,Bachelors,,,Male,<=50K
124-12-4124,33.0,Some-college,Separated,Not-in-family,,
685-68-5685,27.0,HS-grad,,,Male,<=50K
072-07-2072,17.0,11th,Never-married,,,
342-34-2342,21.0,,Never-married,Unmarried,Female,<=50K
894-89-4894,47.0,Masters,Married-civ-spouse,Husband,,
701-70-1701,36.0,Doctorate,Never-married,Unmarried,Female,<=50K
947-94-7947,41.0,Bachelors,,Unmarried,Female,<=50K
910-91-0910,77.0,,,Not-in-family,Female,
197-19-7197,,Assoc-voc,Never-married,Own-child,Male,<=50K
841-84-1841,27.0,HS-grad,Never-married,Own-child,Male,<=50K
431-43-1431,48.0,Bachelors,Married-civ-spouse,,,<=50K
754-75-4754,29.0,,Married-civ-spouse,Husband,,>50K
624-62-4624,18.0,10th,Married-civ-spouse,Wife,Female,
673-67-3673,52.0,HS-grad,Separated,Unmarried,Male,
550-55-0550,33.0,HS-grad,Married-spouse-absent,Not-in-family,Female,
751-75-1751,34.0,HS-grad,Married-civ-spouse,,Female,<=50K
470-47-0470,43.0,Bachelors,Never-married,Not-in-family,,
331-33-1331,59.0,Bachelors,Married-civ-spouse,Husband,,>50K
520-52-0520,43.0,Some-college,Married-civ-spouse,Husband,Male,
699-69-9699,65.0,Bachelors,Married-civ-spouse,Husband,,
311-31-1311,30.0,,,,,<=50K
161-16-1161,55.0,Some-college,Married-civ-spouse,Husband,,<=50K
820-82-0820,26.0,,Never-married,Not-in-family,Male,<=50K
801-80-1801,,HS-grad,Married-civ-spouse,,,
195-19-5195,49.0,HS-grad,Divorced,Unmarried,Female,>50K
321-32-1321,28.0,11th,Never-married,Own-child,,
162-16-2162,,Bachelors,Married-civ-spouse,,Male,>50K
467-46-7467,52.0,Assoc-acdm,Married-civ-spouse,Husband,Male,<=50K
636-63-6636,29.0,,Married-civ-spouse,Husband,Male,
061-06-1061,26.0,HS-grad,Never-married,,,<=50K
807-80-7807,42.0,Preschool,Never-married,Not-in-family,,>50K
963-96-3963,20.0,Some-college,Never-married,,,<=50K
374-37-4374,27.0,Bachelors,,Husband,Male,
129-12-9129,36.0,Prof-school,,,Male,<=50K
571-57-1571,35.0,Bachelors,Married-civ-spouse,,,>50K
211-21-1211,38.0,Some-college,,Not-in-family,Female,<=50K
579-57-9579,28.0,Assoc-acdm,,,Male,<=50K
899-89-9899,45.0,Masters,Married-civ-spouse,Husband,Male,
453-45-3453,64.0,HS-grad,Married-civ-spouse,Husband,,
573-57-3573,22.0,HS-grad,Married-civ-spouse,Husband,,
989-98-9989,41.0,,,Husband,,
543-54-3543,22.0,,Never-married,Own-child,Female,<=50K
588-58-8588,51.0,HS-grad,Married-civ-spouse,,Male,
269-26-9269,34.0,Bachelors,Married-civ-spouse,,Male,<=50K
340-34-0340,39.0,Assoc-voc,Married-civ-spouse,Husband,Male,
620-62-0620,27.0,Bachelors,Never-married,Not-in-family,,<=50K
219-21-9219,23.0,Assoc-voc,,Not-in-family,Male,<=50K
170-17-0170,39.0,,Separated,Unmarried,,<=50K
578-57-8578,32.0,Assoc-voc,Never-married,Own-child,Male,
213-21-3213,,Bachelors,Married-civ-spouse,Husband,,
486-48-6486,52.0,HS-grad,Married-civ-spouse,,Male,>50K
155-15-5155,53.0,,Married-civ-spouse,Husband,,<=50K
076-07-6076,,Some-college,Married-civ-spouse,Husband,,<=50K
273-27-3273,22.0,Assoc-acdm,Never-married,Not-in-family,Male,<=50K
816-81-6816,42.0,,Separated,Unmarried,,
349-34-9349,43.0,Bachelors,Married-civ-spouse,Husband,Male,>50K
528-52-8528,,Some-college,Never-married,Own-child,,<=50K
375-37-5375,31.0,Some-college,Never-married,Not-in-family,,<=50K
813-81-3813,29.0,,Never-married,Not-in-family,Female,
015-01-5015,21.0,Some-college,Never-married,,,<=50K
208-20-8208,18.0,Some-college,Never-married,Own-child,,
925-92-5925,,Some-college,Never-married,,,<=50K
704-70-4704,48.0,5th-6th,Married-civ-spouse,Husband,,<=50K
706-70-6706,56.0,HS-grad,Married-civ-spouse,Husband,Male,<=50K
884-88-4884,31.0,,Never-married,Not-in-family,,<=50K
779-77-9779,43.0,Some-college,Married-civ-spouse,,,
172-17-2172,19.0,,Never-married,Not-in-family,Female,
369-36-9369,41.0,Some-college,,,Female,<=50K
717-71-7717,,HS-grad,Married-civ-spouse,Husband,Male,
593-59-3593,66.0,Prof-school,Married-civ-spouse,,Male,<=50K
110-11-0110,35.0,,Never-married,Not-in-family,Male,
670-67-0670,,1st-4th,Married-civ-spouse,Husband,Male,<=50K
746-74-6746,29.0,HS-grad,,Not-in-family,,<=50K
513-51-3513,,HS-grad,Divorced,Not-in-family,Male,
975-97-5975,,,Never-married,Not-in-family,Male,<=50K
616-61-6616,54.0,Some-college,Divorced,Own-child,,<=50K
762-76-2762,43.0,Masters,,,Male,
488-48-8488,67.0,7th-8th,,,Female,<=50K
390-39-0390,30.0,HS-grad,Married-civ-spouse,Husband,Male,
689-68-9689,64.0,10th,Married-civ-spouse,Husband,Male,
134-13-4134,46.0,Bachelors,,Husband,,
832-83-2832,20.0,Some-college,Never-married,Own-child,,<=50K
054-05-4054,32.0,HS-grad,,Not-in-family,Female,<=50K
511-51-1511,23.0,,Married-civ-spouse,Husband,,>50K
738-73-8738,,Some-college,Married-civ-spouse,Husband,Male,<=50K
019-01-9019,38.0,HS-grad,Married-civ-spouse,Husband,Male,
457-45-7457,41.0,11th,Divorced,Own-child,,
045-04-5045,45.0,Assoc-acdm,Divorced,Unmarried,,<=50K
589-58-9589,35.0,Some-college,Never-married,,Male,
250-25-0250,23.0,11th,Never-married,,Female,
484-48-4484,59.0,Assoc-voc,Married-civ-spouse,Wife,,<=50K
882-88-2882,26.0,Masters,Never-married,Not-in-family,Male,<=50K
316-31-6316,40.0,,Married-civ-spouse,Husband,Male,>50K
487-48-7487,30.0,HS-grad,Widowed,Not-in-family,,
410-41-0410,21.0,,,Not-in-family,Male,
580-58-0580,61.0,HS-grad,Married-civ-spouse,,Male,
429-42-9429,,Assoc-voc,Divorced,Not-in-family,Female,<=50K
697-69-7697,,Some-college,,Wife,Female,
131-13-1131,,Masters,Never-married,Not-in-family,,<=50K
196-19-6196,55.0,Some-college,,Own-child,Female,>50K
265-26-5265,34.0,,,,,<=50K
724-72-4724,23.0,Bachelors,Married-civ-spouse,Husband,Male,<=50K
969-96-9969,33.0,,Married-civ-spouse,Husband,,
757-75-7757,30.0,HS-grad,Never-married,Not-in-family,Male,
118-11-8118,21.0,Some-college,Never-married,Own-child,Female,<=50K
288-28-8288,18.0,5th-6th,Never-married,,Male,<=50K
018-01-8018,53.0,HS-grad,Married-civ-spouse,Husband,,>50K
290-29-0290,18.0,Some-college,Never-married,Own-child,Male,<=50K
721-72-1721,55.0,7th-8th,Widowed,Not-in-family,Female,
466-46-6466,23.0,Bachelors,Divorced,Unmarried,Male,<=50K
354-35-4354,22.0,,,Other-relative,Male,<=50K
628-62-8628,22.0,Bachelors,Never-married,Own-child,,
064-06-4064,47.0,,Never-married,Not-in-family,,<=50K
824-82-4824,28.0,Some-college,Married-civ-spouse,,,<=50K
674-67-4674,36.0,Some-college,,Wife,,>50K
930-93-0930,41.0,,Married-civ-spouse,,Female,
871-87-1871,61.0,7th-8th,Married-civ-spouse,Husband,Male,
295-29-5295,51.0,Some-college,Divorced,Unmarried,,<=50K
492-49-2492,29.0,Some-college,,Unmarried,Female,
471-47-1471,22.0,,Never-married,Own-child,Male,<=50K
382-38-2382,17.0,Some-college,Never-married,Own-child,,<=50K
191-19-1191,31.0,Some-college,Never-married,Not-in-family,Male,
844-84-4844,30.0,,Married-civ-spouse,Husband,,
085-08-5085,38.0,Some-college,,Husband,Male,<=50K
301-30-1301,50.0,,,Husband,,
119-11-9119,47.0,Bachelors,,Other-relative,,<=50K
032-03-2032,30.0,10th,Married-civ-spouse,Husband,Male,<=50K
175-17-5175,34.0,HS-grad,Married-civ-spouse,Husband,Male,<=50K
063-06-3063,26.0,HS-grad,Married-civ-spouse,Husband,Male,<=50K
023-02-3023,55.0,11th,Married-civ-spouse,Husband,Male,
865-86-5865,20.0,12th,Never-married,Own-child,,<=50K
089-08-9089,49.0,,Divorced,,,<=50K
206-20-6206,57.0,Doctorate,,,Male,
912-91-2912,56.0,Doctorate,Divorced,Not-in-family,Female,
034-03-4034,29.0,Some-college,Separated,Unmarried,Female,
843-84-3843,35.0,Bachelors,Married-civ-spouse,,Male,>50K
116-11-6116,45.0,Assoc-acdm,Married-civ-spouse,Husband,,>50K
490-49-0490,28.0,HS-grad,Never-married,Own-child,Male,<=50K
995-99-5995,32.0,Some-college,Never-married,,Female,
784-78-4784,27.0,Some-college,,Not-in-family,Male,
391-39-1391,35.0,,Married-civ-spouse,,Male,<=50K
880-88-0880,17.0,Some-college,,Other-relative,Female,
750-75-0750,55.0,HS-grad,Widowed,Other-relative,Female,<=50K
287-28-7287,23.0,Some-college,Never-married,Other-relative,Male,
337-33-7337,41.0,HS-grad,,Wife,Female,
144-14-4144,30.0,HS-grad,,Not-in-family,Male,
883-88-3883,45.0,,Divorced,Not-in-family,Female,
062-06-2062,,Some-college,Divorced,,Female,<=50K
132-13-2132,45.0,Some-college,Married-civ-spouse,Husband,,
630-63-0630,19.0,HS-grad,,Not-in-family,,
275-27-5275,37.0,Masters,Never-married,Own-child,Female,
661-66-1661,43.0,,Divorced,Unmarried,,<=50K
293-29-3293,40.0,,,Husband,Male,<=50K
908-90-8908,49.0,,Married-civ-spouse,Husband,Male,
598-59-8598,30.0,,Married-civ-spouse,Husband,,<=50K
759-75-9759,22.0,,,Not-in-family,,
073-07-3073,32.0,,Married-civ-spouse,Husband,,>50K
407-40-7407,,HS-grad,,Own-child,Female,>50K
988-98-8988,27.0,Assoc-acdm,Married-civ-spouse,Husband,,<=50K
454-45-4454,,,,Husband,,<=50K
862-86-2862,41.0,Some-college,,Wife,,
798-79-8798,39.0,Bachelors,Married-civ-spouse,Husband,,
778-77-8778,70.0,HS-grad,Never-married,Other-relative,,
743-74-3743,38.0,,Married-civ-spouse,Husband,,<=50K
147-14-7147,50.0,,Married-civ-spouse,Husband,Male,
691-69-1691,33.0,HS-grad,Married-civ-spouse,Husband,,
079-07-9079,,7th-8th,Married-civ-spouse,Husband,,<=50K
335-33-5335,47.0,,Married-civ-spouse,Husband,Male,
938-93-8938,46.0,Some-college,Married-civ-spouse,Husband,Male,
904-90-4904,35.0,Bachelors,Married-civ-spouse,Husband,Male,<=50K
825-82-5825,51.0,Bachelors,Married-civ-spouse,Husband,,
326-32-6326,43.0,,Married-civ-spouse,Husband,Male,
758-75-8758,29.0,7th-8th,Separated,Unmarried,Female,<=50K
971-97-1971,26.0,,Never-married,Own-child,,<=50K
378-37-8378,55.0,HS-grad,Married-civ-spouse,Husband,,>50K
944-94-4944,,HS-grad,Divorced,Not-in-family,Male,
818-81-8818,36.0,Bachelors,,Husband,Male,
029-02-9029,46.0,Bachelors,Married-civ-spouse,Husband,,<=50K
007-00-7007,64.0,11th,,Husband,,<=50K
121-12-1121,36.0,,Married-civ-spouse,Husband,Male,<=50K
108-10-8108,,Bachelors,Married-civ-spouse,Husband,Male,
932-93-2932,44.0,HS-grad,Married-civ-spouse,Husband,,
730-73-0730,60.0,Assoc-voc,Divorced,Unmarried,Female,
985-98-5985,,Bachelors,Married-civ-spouse,Husband,,
753-75-3753,60.0,Some-college,Married-civ-spouse,Husband,Male,<=50K
272-27-2272,26.0,Some-college,,Unmarried,Female,<=50K
363-36-3363,46.0,HS-grad,Never-married,Not-in-family,Male,
610-61-0610,33.0,HS-grad,,Wife,,
040-04-0040,19.0,,,Not-in-family,,<=50K
101-10-1101,37.0,Bachelors,,Husband,Male,<=50K
755-75-5755,30.0,,Never-married,Not-in-family,,
752-75-2752,62.0,Bachelors,,Husband,Male,<=50K
253-25-3253,19.0,,Never-married,,Male,<=50K
090-09-0090,,7th-8th,,,Female,<=50K
839-83-9839,32.0,12th,Never-married,Own-child,,<=50K
648-64-8648,33.0,Bachelors,Divorced,,Male,
603-60-3603,21.0,,Never-married,Own-child,Female,
793-79-3793,28.0,5th-6th,Never-married,Not-in-family,,
284-28-4284,35.0,HS-grad,Divorced,Not-in-family,Male,
002-00-2002,,Bachelors,Married-civ-spouse,,Female,>50K
997-99-7997,21.0,Assoc-acdm,Never-married,Other-relative,Female,
777-77-7777,,Bachelors,,Own-child,,
037-03-7037,65.0,HS-grad,Married-civ-spouse,Husband,Male,<=50K
323-32-3323,36.0,Bachelors,,Unmarried,Female,<=50K
575-57-5575,34.0,,Married-civ-spouse,Husband,,
629-62-9629,31.0,HS-grad,Never-married,,,<=50K
639-63-9639,45.0,Masters,,Not-in-family,Male,
845-84-5845,20.0,11th,,,,<=50K
641-64-1641,20.0,Some-college,Never-married,Not-in-family,,
477-47-7477,35.0,Masters,Married-civ-spouse,,,
720-72-0720,21.0,,,Not-in-family,,<=50K
148-14-8148,31.0,Assoc-acdm,,Husband,Male,
672-67-2672,24.0,,Never-married,Not-in-family,Male,<=50K
364-36-4364,29.0,Doctorate,,Not-in-family,Male,<=50K
542-54-2542,21.0,Assoc-acdm,,,Female,
080-08-0080,17.0,,Never-married,Own-child,,
568-56-8568,24.0,HS-grad,,Not-in-family,Male,<=50K
933-93-3933,44.0,,,Not-in-family,Male,
464-46-4464,,HS-grad,Divorced,Not-in-family,,
333-33-3333,,,Married-civ-spouse,Husband,Male,>50K
794-79-4794,32.0,,Separated,Not-in-family,,<=50K
623-62-3623,25.0,Assoc-voc,Married-civ-spouse,Husband,,
647-64-7647,45.0,HS-grad,Never-married,,,<=50K
005-00-5005,42.0,Bachelors,Divorced,Not-in-family,,
420-42-0420,,12th,Never-married,,,<=50K
668-66-8668,19.0,7th-8th,Never-married,Own-child,,
123-12-3123,57.0,HS-grad,Married-civ-spouse,Husband,Male,<=50K
012-01-2012,30.0,HS-grad,,Own-child,Female,<=50K
652-65-2652,30.0,Some-college,Married-civ-spouse,Wife,Female,
095-09-5095,49.0,,,Husband,,
355-35-5355,31.0,HS-grad,,Husband,Male,>50K
965-96-5965,49.0,,,Not-in-family,Female,<=50K
398-39-8398,43.0,HS-grad,Married-civ-spouse,Husband,Male,>50K
270-27-0270,38.0,,,Husband,,
475-47-5475,42.0,Bachelors,Never-married,Other-relative,,<=50K
452-45-2452,29.0,HS-grad,Never-married,Not-in-family,,
510-51-0510,48.0,Assoc-acdm,Married-civ-spouse,,,>50K
359-35-9359,37.0,HS-grad,Widowed,Unmarried,Female,<=50K
036-03-6036,35.0,Doctorate,Never-married,Not-in-family,Female,
595-59-5595,59.0,Assoc-voc,,,,>50K
756-75-6756,,HS-grad,Divorced,Unmarried,Female,
607-60-7607,20.0,,,Own-child,Female,
950-95-0950,29.0,,Married-spouse-absent,Own-child,Female,
521-52-1521,34.0,,Never-married,,Female,
043-04-3043,60.0,HS-grad,Widowed,Not-in-family,Female,<=50K
016-01-6016,,Assoc-voc,Never-married,,Male,
769-76-9769,,Bachelors,,Husband,,<=50K
999-99-9999,,Bachelors,Married-civ-spouse,,Male,<=50K
262-26-2262,31.0,Bachelors,Divorced,Own-child,Female,
248-24-8248,,HS-grad,Never-married,Not-in-family,Male,<=50K
263-26-3263,30.0,HS-grad,Separated,Unmarried,,<=50K
242-24-2242,21.0,Some-college,Never-married,Own-child,Male,
634-63-4634,,,Never-married,Own-child,,<=50K
970-97-0970,29.0,,Never-married,Other-relative,,<=50K
438-43-8438,48.0,HS-grad,,Husband,,
953-95-3953,18.0,10th,,Other-relative,Female,
907-90-7907,50.0,,Divorced,Not-in-family,Male,>50K
860-86-0860,71.0,HS-grad,Married-civ-spouse,Husband,Male,<=50K
708-70-8708,31.0,,Widowed,,,
136-13-6136,33.0,,Separated,Not-in-family,Male,<=50K
502-50-2502,33.0,HS-grad,Married-civ-spouse,,,<=50K
703-70-3703,53.0,,Married-civ-spouse,,,
582-58-2582,28.0,10th,Never-married,Not-in-family,,>50K
868-86-8868,27.0,Some-college,Never-married,Other-relative,Male,
128-12-8128,36.0,,Never-married,Not-in-family,,<=50K
189-18-9189,29.0,HS-grad,,,Male,<=50K
564-56-4564,64.0,Some-college,Married-civ-spouse,Husband,,>50K
836-83-6836,28.0,HS-grad,Married-civ-spouse,Husband,,>50K
574-57-4574,39.0,,Separated,,Female,>50K
408-40-8408,,Bachelors,Married-civ-spouse,Husband,Male,
692-69-2692,44.0,,,Husband,,<=50K
230-23-0230,66.0,HS-grad,Married-civ-spouse,Husband,,
199-19-9199,,Some-college,Divorced,Not-in-family,,
819-81-9819,53.0,Some-college,Divorced,Not-in-family,,
722-72-2722,49.0,Prof-school,Divorced,Unmarried,Male,>50K
030-03-0030,,HS-grad,Divorced,Own-child,Male,>50K
729-72-9729,,Bachelors,Never-married,Unmarried,Male,
244-24-4244,38.0,Bachelors,Married-civ-spouse,Husband,,>50K
949-94-9949,21.0,Assoc-voc,Married-civ-spouse,Husband,Male,
210-21-0210,32.0,Assoc-voc,,Not-in-family,,<=50K
671-67-1671,22.0,,Never-married,Not-in-family,,<=50K
771-77-1771,37.0,Bachelors,Married-civ-spouse,,Male,
201-20-1201,22.0,,Never-married,,Female,<=50K
303-30-3303,43.0,,Widowed,Not-in-family,,<=50K
047-04-7047,33.0,Masters,Never-married,Not-in-family,Male,<=50K
229-22-9229,76.0,Masters,Married-civ-spouse,Husband,Male,>50K
096-09-6096,,Bachelors,,Other-relative,,<=50K
569-56-9569,39.0,,,,Female,<=50K
373-37-3373,30.0,HS-grad,Never-married,Not-in-family,Female,
998-99-8998,45.0,Some-college,Married-civ-spouse,,Male,
403-40-3403,76.0,Masters,Married-civ-spouse,Husband,Male,
716-71-6716,34.0,11th,Never-married,Not-in-family,,<=50K
160-16-0160,40.0,,,,Female,
180-18-0180,29.0,,Never-married,,,<=50K
105-10-5105,38.0,HS-grad,Never-married,Not-in-family,Female,<=50K
519-51-9519,33.0,Masters,Never-married,Not-in-family,,
761-76-1761,31.0,HS-grad,Never-married,Unmarried,Female,<=50K
022-02-2022,41.0,Prof-school,Married-civ-spouse,Husband,Male,
115-11-5115,30.0,Bachelors,Divorced,Not-in-family,Male,
906-90-6906,34.0,,,,,<=50K
465-46-5465,40.0,Some-college,Married-civ-spouse,Husband,Male,
967-96-7967,50.0,Some-college,Married-civ-spouse,Husband,Male,<=50K
664-66-4664,34.0,Some-college,Married-civ-spouse,Husband,Male,
181-18-1181,,Some-college,Never-married,Not-in-family,Male,
780-78-0780,63.0,Masters,Married-civ-spouse,,,
760-76-0760,20.0,Some-college,Never-married,Not-in-family,Male,<=50K
576-57-6576,28.0,Masters,Married-civ-spouse,Husband,Male,<=50K
227-22-7227,39.0,Masters,,,Male,>50K
167-16-7167,24.0,Bachelors,Never-married,,Male,
074-07-4074,35.0,Bachelors,,Husband,Male,
926-92-6926,53.0,5th-6th,,,,<=50K
178-17-8178,49.0,,,Husband,,
642-64-2642,46.0,Some-college,,Husband,Male,
202-20-2202,52.0,HS-grad,,Not-in-family,Female,>50K
024-02-4024,27.0,Some-college,Never-married,Not-in-family,,<=50K
530-53-0530,32.0,,Never-married,,,
905-90-5905,49.0,HS-grad,Divorced,Not-in-family,,<=50K
221-22-1221,66.0,,Separated,Not-in-family,Male,
209-20-9209,42.0,HS-grad,Never-married,Not-in-family,,
223-22-3223,30.0,,Married-civ-spouse,Husband,Male,>50K
439-43-9439,20.0,,Never-married,Own-child,Male,<=50K
186-18-6186,50.0,HS-grad,Divorced,Not-in-family,Male,<=50K
491-49-1491,17.0,,Never-married,Own-child,Female,
984-98-4984,35.0,,Never-married,Not-in-family,Male,<=50K
601-60-1601,41.0,HS-grad,Divorced,Own-child,Male,<=50K
617-61-7617,,12th,Never-married,Own-child,,
182-18-2182,24.0,Some-college,Never-married,Own-child,,
924-92-4924,35.0,HS-grad,Separated,Unmarried,,<=50K
942-94-2942,19.0,,Never-married,Not-in-family,,
742-74-2742,34.0,Some-college,,Wife,,
267-26-7267,43.0,,Divorced,Not-in-family,,
800-80-0800,28.0,11th,,Husband,Male,<=50K
522-52-2522,27.0,,Never-married,Other-relative,Male,
372-37-2372,24.0,Some-college,Never-married,Own-child,,
804-80-4804,45.0,Assoc-acdm,Divorced,Unmarried,,
934-93-4934,49.0,9th,Married-civ-spouse,Husband,Male,
821-82-1821,48.0,,Never-married,Unmarried,Female,
921-92-1921,,Bachelors,Never-married,Own-child,Female,<=50K
739-73-9739,18.0,7th-8th,Never-married,Own-child,Male,
916-91-6916,43.0,HS-grad,Married-civ-spouse,,Male,
177-17-7177,44.0,HS-grad,Married-civ-spouse,Husband,,
702-70-2702,45.0,Bachelors,Married-spouse-absent,Unmarried,,
396-39-6396,,Some-college,Never-married,Own-child,,
867-86-7867,20.0,Some-college,Never-married,Own-child,Female,
874-87-4874,50.0,,Divorced,Not-in-family,,<=50K
788-78-8788,59.0,HS-grad,Married-civ-spouse,Husband,,>50K
544-54-4544,39.0,,Married-civ-spouse,Husband,Male,>50K
508-50-8508,34.0,,Divorced,Not-in-family,Male,
001-00-1001,56.0,,Married-civ-spouse,Husband,,
936-93-6936,21.0,Some-college,Never-married,,Female,<=50K
828-82-8828,37.0,HS-grad,Divorced,Not-in-family,,
414-41-4414,41.0,Bachelors,Married-civ-spouse,Husband,,<=50K
711-71-1711,46.0,HS-grad,Married-civ-spouse,,Male,<=50K
055-05-5055,24.0,,Never-married,Not-in-family,Male,
504-50-4504,31.0,,Married-civ-spouse,,Male,<=50K
919-91-9919,34.0,Some-college,Married-civ-spouse,Husband,,<=50K
643-64-3643,43.0,,Divorced,Unmarried,,
494-49-4494,68.0,10th,Married-civ-spouse,Wife,Female,<=50K
911-91-1911,44.0,Bachelors,Never-married,Own-child,Female,
918-91-8918,21.0,HS-grad,Never-married,Own-child,Female,<=50K
590-59-0590,,HS-grad,Married-civ-spouse,,Female,
675-67-5675,66.0,,,Husband,,<=50K
540-54-0540,39.0,,Married-civ-spouse,Wife,,>50K
640-64-0640,,Bachelors,,Not-in-family,Female,
237-23-7237,42.0,HS-grad,,Unmarried,Female,<=50K
179-17-9179,,HS-grad,Separated,Unmarried,,<=50K
400-40-0400,60.0,10th,,Husband,,<=50K
038-03-8038,,Bachelors,,,Male,
987-98-7987,,Bachelors,Married-civ-spouse,Husband,,
086-08-6086,17.0,HS-grad,Never-married,,Female,
632-63-2632,28.0,Masters,,Husband,Male,<=50K
749-74-9749,32.0,HS-grad,Separated,Unmarried,,<=50K
065-06-5065,,,Married-civ-spouse,Husband,Male,<=50K
093-09-3093,29.0,HS-grad,Married-civ-spouse,Husband,Male,<=50K
766-76-6766,27.0,Bachelors,,Unmarried,,<=50K
611-61-1611,72.0,Some-college,Married-civ-spouse,Husband,,>50K
421-42-1421,36.0,Some-college,Never-married,Not-in-family,Male,<=50K
803-80-3803,,Masters,Married-civ-spouse,Husband,Male,<=50K
847-84-7847,24.0,Bachelors,,,Male,<=50K
974-97-4974,48.0,HS-grad,Married-civ-spouse,Husband,Male,>50K
084-08-4084,35.0,,Married-civ-spouse,Husband,,>50K
732-73-2732,23.0,HS-grad,Never-married,Not-in-family,Male,
217-21-7217,49.0,12th,Separated,Unmarried,,<=50K
621-62-1621,29.0,,Divorced,Not-in-family,Female,
512-51-2512,17.0,Some-college,Never-married,Own-child,Female,<=50K
450-45-0450,18.0,Some-college,Never-married,Own-child,,
741-74-1741,21.0,Some-college,Never-married,Own-child,,
025-02-5025,,Some-college,,Husband,Male,<=50K
787-78-7787,50.0,Assoc-voc,Married-civ-spouse,Husband,,
625-62-5625,83.0,,Widowed,Not-in-family,Female,
850-85-0850,48.0,Masters,,Not-in-family,Female,
505-50-5505,41.0,,Married-civ-spouse,,,>50K
423-42-3423,29.0,HS-grad,Married-civ-spouse,Wife,,>50K
776-77-6776,,Some-college,Widowed,Not-in-family,,
422-42-2422,35.0,Some-college,Divorced,Not-in-family,,<=50K
399-39-9399,39.0,Some-college,,,Female,>50K
145-14-5145,34.0,,Married-spouse-absent,Unmarried,,
848-84-8848,,,Married-civ-spouse,,Male,>50K
923-92-3923,25.0,Some-college,,Other-relative,Male,<=50K
184-18-4184,35.0,,Married-civ-spouse,Wife,,>50K
613-61-3613,47.0,HS-grad,,Not-in-family,,>50K
872-87-2872,19.0,HS-grad,Married-civ-spouse,,,<=50K
993-99-3993,43.0,HS-grad,,Wife,,<=50K
509-50-9509,39.0,HS-grad,Married-civ-spouse,Husband,Male,>50K
305-30-5305,31.0,,Married-civ-spouse,,Male,<=50K
112-11-2112,31.0,,,Own-child,Female,
159-15-9159,40.0,5th-6th,Married-civ-spouse,Husband,,
188-18-8188,32.0,Bachelors,Married-civ-spouse,Husband,,<=50K
449-44-9449,38.0,Masters,Married-civ-spouse,Husband,,<=50K
436-43-6436,33.0,,Never-married,Not-in-family,,
334-33-4334,,9th,Never-married,Unmarried,,<=50K
523-52-3523,22.0,,Married-civ-spouse,Husband,Male,
683-68-3683,21.0,10th,,Not-in-family,,
592-59-2592,32.0,Some-college,Divorced,Unmarried,Female,<=50K
050-05-0050,43.0,HS-grad,Married-civ-spouse,Husband,,>50K
437-43-7437,46.0,Bachelors,,,,<=50K
406-40-6406,32.0,Masters,,,,<=50K
051-05-1051,,7th-8th,Married-civ-spouse,,Male,>50K
552-55-2552,33.0,HS-grad,Married-civ-spouse,,Male,>50K
433-43-3433,52.0,,,Husband,Male,
622-62-2622,45.0,Masters,Married-civ-spouse,,Male,
117-11-7117,58.0,,,,Male,>50K
781-78-1781,,,Married-civ-spouse,Husband,Male,<=50K
878-87-8878,73.0,HS-grad,,Husband,,<=50K
066-06-6066,52.0,Masters,Married-civ-spouse,Husband,,
164-16-4164,47.0,,Divorced,,Male,<=50K
139-13-9139,33.0,,Married-civ-spouse,,,
027-02-7027,22.0,Assoc-acdm,,Own-child,,<=50K
937-93-7937,20.0,Some-college,Never-married,,Male,<=50K
011-01-1011,28.0,Assoc-acdm,,,Female,<=50K
980-98-0980,37.0,HS-grad,Married-civ-spouse,Husband,Male,<=50K
100-10-0100,40.0,,,Husband,,<=50K
493-49-3493,56.0,Bachelors,Widowed,,Male,
389-38-9389,,Bachelors,Married-civ-spouse,,,
458-45-8458,22.0,Bachelors,Never-married,Not-in-family,Male,
891-89-1891,21.0,5th-6th,,Not-in-family,Male,<=50K
707-70-7707,44.0,HS-grad,Married-civ-spouse,Husband,Male,
392-39-2392,52.0,,Widowed,Unmarried,Female,
679-67-9679,64.0,HS-grad,Married-civ-spouse,Wife,Female,
255-25-5255,,Bachelors,,,Female,<=50K
812-81-2812,,,Married-civ-spouse,,,
445-44-5445,35.0,Masters,Never-married,Own-child,Female,<=50K
913-91-3913,33.0,HS-grad,Never-married,,Male,<=50K
419-41-9419,23.0,Bachelors,,Other-relative,,
586-58-6586,49.0,10th,Married-civ-spouse,Husband,Male,
143-14-3143,45.0,Bachelors,Married-civ-spouse,Husband,,>50K
977-97-7977,62.0,HS-grad,,,Male,
855-85-5855,22.0,,Married-civ-spouse,,Male,
915-91-5915,42.0,,,Other-relative,Male,
822-82-2822,44.0,,,Husband,,
653-65-3653,29.0,Bachelors,Married-civ-spouse,Husband,,
898-89-8898,26.0,Masters,Married-spouse-absent,Unmarried,Male,
258-25-8258,64.0,,Married-civ-spouse,Husband,,<=50K
171-17-1171,18.0,,Never-married,Own-child,Female,<=50K
961-96-1961,37.0,HS-grad,Married-civ-spouse,,Male,
365-36-5365,23.0,Some-college,Never-married,Own-child,Male,<=50K
515-51-5515,37.0,Assoc-acdm,Never-married,Unmarried,Female,<=50K
261-26-1261,,Bachelors,,Own-child,,<=50K
404-40-4404,36.0,,,Husband,Male,
764-76-4764,61.0,Some-college,Widowed,,Female,
507-50-7507,23.0,9th,,,Male,<=50K
380-38-0380,30.0,,Divorced,Not-in-family,,<=50K
384-38-4384,32.0,,Married-civ-spouse,,Male,<=50K
193-19-3193,33.0,HS-grad,Divorced,,Female,<=50K
745-74-5745,49.0,,Married-civ-spouse,,Male,<=50K
834-83-4834,34.0,HS-grad,Married-civ-spouse,Husband,,<=50K
684-68-4684,52.0,Some-college,,,Male,>50K
796-79-6796,43.0,HS-grad,,Husband,,<=50K
386-38-6386,34.0,,Married-civ-spouse,Husband,Male,
412-41-2412,37.0,Bachelors,Divorced,Not-in-family,,
026-02-6026,45.0,Bachelors,,Husband,,<=50K
837-83-7837,23.0,11th,,Other-relative,,
901-90-1901,58.0,,,Husband,,>50K
174-17-4174,45.0,,Divorced,Not-in-family,Male,
594-59-4594,51.0,,,Not-in-family,Female,<=50K
939-93-9939,42.0,HS-grad,,Husband,Male,>50K
205-20-5205,21.0,HS-grad,Never-married,Own-child,,
718-71-8718,35.0,Bachelors,Never-married,,Male,
343-34-3343,32.0,HS-grad,Married-civ-spouse,Husband,Male,
163-16-3163,33.0,Some-college,,Husband,Male,<=50K
982-98-2982,19.0,HS-grad,,Own-child,Female,<=50K
890-89-0890,52.0,HS-grad,Divorced,Unmarried,Female,<=50K
853-85-3853,22.0,Assoc-voc,Never-married,Own-child,Female,
397-39-7397,43.0,Bachelors,,,Female,
266-26-6266,47.0,HS-grad,Married-civ-spouse,Husband,Male,
220-22-0220,44.0,Masters,Divorced,Not-in-family,Female,
368-36-8368,,Assoc-voc,Divorced,,Male,<=50K
353-35-3353,23.0,HS-grad,Never-married,,,
897-89-7897,68.0,,Married-civ-spouse,,Male,
566-56-6566,19.0,,Never-married,Own-child,,<=50K
637-63-7637,39.0,,,,Female,
277-27-7277,34.0,Some-college,,Unmarried,Female,<=50K
120-12-0120,40.0,Some-college,Married-civ-spouse,Husband,Male,
307-30-7307,33.0,,Never-married,Own-child,Female,
498-49-8498,26.0,Bachelors,Never-married,Own-child,Male,<=50K
109-10-9109,18.0,Some-college,,Own-child,Female,<=50K
153-15-3153,42.0,11th,Divorced,Unmarried,Female,<=50K
468-46-8468,61.0,10th,,Husband,Male,>50K
169-16-9169,33.0,,Never-married,,Male,<=50K
395-39-5395,29.0,HS-grad,,Not-in-family,,>50K
538-53-8538,23.0,HS-grad,Divorced,Not-in-family,,<=50K
448-44-8448,23.0,Bachelors,Never-married,,,<=50K
257-25-7257,27.0,Bachelors,Never-married,,Female,<=50K
677-67-7677,23.0,HS-grad,,Own-child,,<=50K
009-00-9009,29.0,HS-grad,Never-married,Not-in-family,Male,<=50K
350-35-0350,19.0,10th,Never-married,Own-child,Male,
078-07-8078,18.0,11th,Married-civ-spouse,Wife,,<=50K
783-78-3783,64.0,,Married-civ-spouse,,,<=50K
462-46-2462,27.0,Bachelors,Never-married,,Male,
081-08-1081,40.0,Bachelors,,Unmarried,Female,<=50K
344-34-4344,55.0,HS-grad,Divorced,,Female,
268-26-8268,38.0,,Married-civ-spouse,Husband,,>50K
644-64-4644,21.0,Some-college,Never-married,,,
233-23-3233,27.0,HS-grad,Never-married,Not-in-family,Female,
838-83-8838,37.0,Assoc-voc,Divorced,Unmarried,Male,<=50K
928-92-8928,41.0,Bachelors,Divorced,Not-in-family,Male,<=50K
087-08-7087,32.0,,,Not-in-family,Female,<=50K
914-91-4914,56.0,Masters,,Husband,Male,
962-96-2962,51.0,12th,Divorced,Other-relative,Female,<=50K
895-89-5895,,HS-grad,Married-civ-spouse,Husband,,
097-09-7097,19.0,,Never-married,Not-in-family,Male,
140-14-0140,77.0,Some-college,,,Male,
289-28-9289,33.0,Bachelors,,Husband,Male,>50K
596-59-6596,67.0,Masters,,,Female,>50K
791-79-1791,47.0,,Married-civ-spouse,Husband,,<=50K
252-25-2252,,Prof-school,Married-civ-spouse,,,<=50K
183-18-3183,52.0,HS-grad,Married-civ-spouse,Husband,Male,>50K
149-14-9149,32.0,11th,Separated,Not-in-family,,<=50K
142-14-2142,40.0,1st-4th,Married-civ-spouse,,,<=50K
990-99-0990,34.0,HS-grad,Married-civ-spouse,,Male,
806-80-6806,32.0,Bachelors,Married-civ-spouse,Husband,Male,>50K
831-83-1831,30.0,Assoc-acdm,Married-civ-spouse,,Male,<=50K
280-28-0280,39.0,HS-grad,,Own-child,Female,>50K
866-86-6866,48.0,,Married-civ-spouse,,Male,
434-43-4434,31.0,Some-college,,Unmarried,,<=50K
328-32-8328,39.0,Some-college,,Unmarried,Female,<=50K
567-56-7567,23.0,Bachelors,Never-married,Own-child,Female,
310-31-0310,25.0,Some-college,Never-married,,,<=50K
479-47-9479,20.0,HS-grad,Never-married,,Female,<=50K
774-77-4774,,Doctorate,Divorced,Not-in-family,Male,
887-88-7887,20.0,HS-grad,,Own-child,Male,
792-79-2792,27.0,HS-grad,Divorced,Not-in-family,Male,
456-45-6456,45.0,Bachelors,Married-civ-spouse,Husband,,<=50K
130-13-0130,21.0,HS-grad,Never-married,,Male,
627-62-7627,68.0,HS-grad,Married-civ-spouse,,,
141-14-1141,52.0,,Married-civ-spouse,Husband,Male,>50K
609-60-9609,,,Never-married,Not-in-family,,<=50K
797-79-7797,43.0,,Never-married,Unmarried,,
957-95-7957,31.0,,Married-civ-spouse,Husband,,<=50K
218-21-8218,41.0,,Never-married,Not-in-family,,<=50K
651-65-1651,,1st-4th,Married-civ-spouse,Husband,Male,
531-53-1531,42.0,,Divorced,,Male,
276-27-6276,29.0,,,Not-in-family,,
304-30-4304,67.0,,Divorced,Not-in-family,Male,
347-34-7347,33.0,Masters,Married-civ-spouse,Husband,Male,<=50K
215-21-5215,17.0,11th,Never-married,Own-child,,<=50K
052-05-2052,30.0,,Married-civ-spouse,Husband,Male,
281-28-1281,33.0,HS-grad,Married-civ-spouse,Husband,Male,<=50K
300-30-0300,61.0,,Married-civ-spouse,Husband,Male,>50K
075-07-5075,37.0,Some-college,,Husband,Male,
152-15-2152,39.0,,Never-married,,Male,<=50K
602-60-2602,33.0,HS-grad,,,Female,<=50K
068-06-8068,70.0,Some-college,Divorced,,Female,<=50K
678-67-8678,,HS-grad,Never-married,Own-child,,
960-96-0960,,HS-grad,Never-married,Not-in-family,,
556-55-6556,34.0,7th-8th,,Not-in-family,,
057-05-7057,,,Married-civ-spouse,Husband,Male,>50K
028-02-8028,55.0,Bachelors,Never-married,Not-in-family,Female,
231-23-1231,47.0,,,Husband,,
176-17-6176,31.0,,Married-spouse-absent,Own-child,Female,<=50K
308-30-8308,26.0,,Never-married,Not-in-family,Female,<=50K
192-19-2192,27.0,9th,Never-married,Own-child,Male,<=50K
240-24-0240,,Bachelors,,Not-in-family,,
873-87-3873,29.0,HS-grad,,,Male,>50K
529-52-9529,38.0,HS-grad,,,Female,
581-58-1581,40.0,Masters,Married-civ-spouse,Wife,,>50K
348-34-8348,54.0,HS-grad,Divorced,Unmarried,,>50K
298-29-8298,62.0,HS-grad,Widowed,Not-in-family,Female,<=50K
432-43-2432,24.0,,,Own-child,Female,
254-25-4254,37.0,,Married-civ-spouse,Husband,Male,>50K
099-09-9099,61.0,Bachelors,Widowed,Not-in-family,Female,<=50K
695-69-5695,59.0,,Married-civ-spouse,Husband,Male,<=50K
835-83-5835,22.0,,Never-married,Not-in-family,Male,
317-31-7317,25.0,HS-grad,,Other-relative,Male,
405-40-5405,29.0,Some-college,Never-married,Own-child,Male,<=50K
137-13-7137,21.0,Some-college,Never-married,Own-child,,
330-33-0330,38.0,HS-grad,,Husband,,
251-25-1251,21.0,9th,,Not-in-family,,
351-35-1351,41.0,Some-college,Married-civ-spouse,Husband,Male,>50K
224-22-4224,30.0,Some-college,,,Male,>50K
810-81-0810,45.0,Some-college,Divorced,Not-in-family,,<=50K
945-94-5945,23.0,,Married-civ-spouse,Other-relative,,
114-11-4114,,,Never-married,Own-child,,
649-64-9649,,Bachelors,Married-civ-spouse,Husband,Male,<=50K
546-54-6546,33.0,Some-college,Married-civ-spouse,Husband,,
041-04-1041,31.0,HS-grad,Never-married,,,
786-78-6786,29.0,Some-college,Married-civ-spouse,Husband,,<=50K
003-00-3003,37.0,Some-college,Married-civ-spouse,Husband,,
370-37-0370,19.0,,Never-married,Own-child,,
401-40-1401,44.0,Assoc-voc,Married-civ-spouse,Husband,Male,
318-31-8318,35.0,HS-grad,Divorced,Other-relative,Male,
662-66-2662,35.0,Some-college,,Husband,,<=50K
789-78-9789,61.0,,Married-civ-spouse,Husband,Male,
102-10-2102,53.0,Some-college,Married-civ-spouse,,,
239-23-9239,,Some-college,Never-married,Unmarried,,<=50K
226-22-6226,34.0,,Never-married,,Female,<=50K
931-93-1931,77.0,10th,Married-civ-spouse,Husband,Male,
165-16-5165,56.0,Assoc-acdm,,Husband,,<=50K
541-54-1541,32.0,HS-grad,Married-civ-spouse,Husband,Male,<=50K
388-38-8388,44.0,Masters,Married-civ-spouse,,,
309-30-9309,28.0,HS-grad,,Not-in-family,Male,
489-48-9489,65.0,,Married-civ-spouse,,Female,>50K
360-36-0360,21.0,Some-college,Never-married,Own-child,Male,
416-41-6416,27.0,,,Not-in-family,Female,
726-72-6726,25.0,Some-college,,Husband,Male,
815-81-5815,34.0,Bachelors,Never-married,Own-child,Male,
501-50-1501,52.0,7th-8th,Married-civ-spouse,Husband,Male,
559-55-9559,42.0,Some-college,Married-civ-spouse,Husband,Male,<=50K
107-10-7107,40.0,HS-grad,Divorced,Unmarried,Female,
059-05-9059,20.0,Some-college,,Own-child,Male,
411-41-1411,37.0,,Married-civ-spouse,,Male,<=50K
442-44-2442,18.0,,Never-married,Own-child,,
829-82-9829,25.0,HS-grad,Never-married,Not-in-family,Male,
103-10-3103,,12th,Never-married,Not-in-family,,<=50K
194-19-4194,28.0,,Never-married,Not-in-family,Male,
785-78-5785,64.0,Some-college,Married-civ-spouse,Husband,,<=50K
049-04-9049,55.0,Bachelors,Married-civ-spouse,,Male,>50K
393-39-3393,26.0,HS-grad,Never-married,Unmarried,,
472-47-2472,44.0,Bachelors,Never-married,Not-in-family,Male,
430-43-0430,21.0,,Never-married,Not-in-family,Male,
339-33-9339,50.0,,Never-married,Not-in-family,,<=50K
060-06-0060,44.0,,Married-civ-spouse,Husband,,<=50K
941-94-1941,58.0,Some-college,Divorced,,,<=50K
570-57-0570,37.0,Bachelors,Married-civ-spouse,,Male,>50K
920-92-0920,,,Married-civ-spouse,Husband,,
020-02-0020,18.0,HS-grad,Never-married,Own-child,Male,<=50K
302-30-2302,29.0,Some-college,Separated,,Male,
158-15-8158,52.0,HS-grad,Married-civ-spouse,Wife,Female,
053-05-3053,38.0,HS-grad,Never-married,,,
260-26-0260,25.0,HS-grad,,Not-in-family,Male,<=50K
734-73-4734,24.0,Some-college,Never-married,,Male,<=50K
212-21-2212,58.0,HS-grad,Married-civ-spouse,,,<=50K
216-21-6216,37.0,Some-college,Married-civ-spouse,Husband,,
763-76-3763,71.0,5th-6th,Married-civ-spouse,,Male,
446-44-6446,50.0,Assoc-voc,Divorced,Unmarried,Female,
976-97-6976,35.0,Assoc-voc,Never-married,Own-child,,
736-73-6736,32.0,,Married-civ-spouse,,Male,>50K
728-72-8728,41.0,,Married-civ-spouse,Husband,,
694-69-4694,74.0,,Married-civ-spouse,Husband,,<=50K
978-97-8978,50.0,,Married-civ-spouse,Husband,,<=50K
106-10-6106,20.0,Some-college,Never-married,Own-child,Male,
010-01-0010,50.0,Masters,Married-civ-spouse,Husband,,>50K
245-24-5245,,,Married-civ-spouse,Husband,,
667-66-7667,52.0,,,Husband,Male,<=50K
207-20-7207,25.0,,Married-civ-spouse,,Male,<=50K
772-77-2772,36.0,Prof-school,,Husband,Male,<=50K
474-47-4474,21.0,,Married-civ-spouse,Wife,,<=50K
688-68-8688,34.0,,Married-civ-spouse,Husband,Male,
294-29-4294,,HS-grad,Married-civ-spouse,Husband,,
299-29-9299,,Some-college,Never-married,Not-in-family,,<=50K
361-36-1361,29.0,HS-grad,Never-married,Unmarried,Female,
735-73-5735,35.0,,Divorced,Not-in-family,,<=50K
234-23-4234,44.0,,,Own-child,,<=50K
805-80-5805,,HS-grad,,,Male,>50K
312-31-2312,21.0,,Never-married,Own-child,,<=50K
902-90-2902,30.0,Some-college,Divorced,Not-in-family,Male,<=50K
840-84-0840,67.0,,Married-civ-spouse,,Male,
747-74-7747,42.0,HS-grad,Married-civ-spouse,,Male,
802-80-2802,79.0,Bachelors,,Not-in-family,Female,<=50K
156-15-6156,25.0,,,,Female,
856-85-6856,41.0,,Married-civ-spouse,Husband,,>50K
893-89-3893,32.0,Bachelors,Married-civ-spouse,,Female,<=50K
981-98-1981,31.0,Doctorate,Married-civ-spouse,Husband,Male,<=50K
991-99-1991,39.0,Assoc-voc,,Husband,,<=50K
146-14-6146,36.0,Some-college,Divorced,Unmarried,,<=50K
320-32-0320,33.0,Some-college,Married-civ-spouse,,Female,>50K
714-71-4714,,HS-grad,Married-civ-spouse,Own-child,Female,>50K
676-67-6676,52.0,11th,,,Male,<=50K
324-32-4324,51.0,HS-grad,Married-civ-spouse,Husband,Male,
619-61-9619,30.0,HS-grad,Married-civ-spouse,Husband,Male,<=50K
929-92-9929,43.0,Assoc-voc,Married-civ-spouse,,,>50K
496-49-6496,55.0,,,Husband,,>50K
561-56-1561,55.0,1st-4th,Widowed,Unmarried,Female,<=50K
297-29-7297,34.0,,Married-civ-spouse,Husband,,>50K
362-36-2362,55.0,,Married-civ-spouse,Husband,,<=50K
946-94-6946,51.0,Some-college,,,Female,>50K
394-39-4394,21.0,Some-college,Never-married,Own-child,Female,
875-87-5875,65.0,HS-grad,Married-civ-spouse,Husband,Male,<=50K
770-77-0770,38.0,,Married-civ-spouse,Husband,Male,>50K
782-78-2782,39.0,HS-grad,Married-civ-spouse,,Male,<=50K
851-85-1851,38.0,Some-college,Divorced,Unmarried,Male,
560-56-0560,40.0,Bachelors,Never-married,,Male,<=50K
583-58-3583,44.0,HS-grad,Separated,Not-in-family,,<=50K
327-32-7327,42.0,Some-college,Married-civ-spouse,Wife,Female,
645-64-5645,67.0,11th,Married-civ-spouse,Husband,,>50K
591-59-1591,45.0,Assoc-acdm,,Husband,Male,<=50K
379-37-9379,33.0,,Never-married,Unmarried,Female,<=50K
319-31-9319,38.0,HS-grad,Divorced,Unmarried,Female,
190-19-0190,58.0,HS-grad,,Husband,Male,>50K
338-33-8338,34.0,HS-grad,Divorced,Not-in-family,Male,<=50K
122-12-2122,25.0,Assoc-voc,Divorced,Unmarried,Female,<=50K
659-65-9659,20.0,9th,Never-married,Own-child,Male,<=50K
700-70-0700,66.0,HS-grad,Married-civ-spouse,Husband,Male,
271-27-1271,,,,Unmarried,Female,<=50K
744-74-4744,23.0,HS-grad,Never-married,,,
719-71-9719,34.0,HS-grad,Divorced,,Female,<=50K
314-31-4314,27.0,Assoc-acdm,,,Male,<=50K
459-45-9459,21.0,HS-grad,Never-married,Own-child,Female,
526-52-6526,86.0,,,,Male,<=50K
282-28-2282,18.0,HS-grad,Divorced,Own-child,Male,<=50K
168-16-8168,,Masters,Divorced,Own-child,Male,<=50K
656-65-6656,23.0,,Never-married,Not-in-family,,<=50K
654-65-4654,63.0,Some-college,Married-spouse-absent,,Female,<=50K
517-51-7517,40.0,,Married-civ-spouse,Husband,Male,>50K
808-80-8808,34.0,Masters,Married-civ-spouse,Husband,Male,<=50K
951-95-1951,33.0,Bachelors,Married-civ-spouse,Husband,Male,
973-97-3973,50.0,,Married-civ-spouse,,,<=50K
518-51-8518,31.0,Assoc-acdm,,Husband,,<=50K
481-48-1481,48.0,Some-college,Married-civ-spouse,Wife,Female,
811-81-1811,40.0,,Divorced,Not-in-family,Male,<=50K
088-08-8088,41.0,Bachelors,Divorced,,,<=50K
994-99-4994,86.0,,,Husband,Male,
329-32-9329,39.0,,Married-civ-spouse,Husband,Male,
428-42-8428,59.0,HS-grad,,,,
424-42-4424,53.0,HS-grad,,Husband,,>50K
565-56-5565,19.0,HS-grad,Married-civ-spouse,,Male,<=50K
357-35-7357,54.0,HS-grad,,Husband,Male,<=50K
413-41-3413,27.0,Bachelors,,Not-in-family,,
767-76-7767,,Bachelors,Never-married,Own-child,Female,<=50K
042-04-2042,20.0,HS-grad,Never-married,Own-child,Female,<=50K
203-20-3203,34.0,HS-grad,Married-civ-spouse,,Male,
232-23-2232,23.0,Some-college,Married-civ-spouse,,Male,<=50K
306-30-6306,38.0,,Married-civ-spouse,Husband,Male,>50K
187-18-7187,58.0,Some-college,Married-civ-spouse,Husband,,>50K
870-87-0870,31.0,Bachelors,Never-married,Not-in-family,Female,
185-18-5185,24.0,Some-college,Never-married,,Female,
992-99-2992,34.0,HS-grad,Married-civ-spouse,Husband,Male,
612-61-2612,58.0,HS-grad,Married-civ-spouse,Husband,Male,>50K
986-98-6986,23.0,HS-grad,Never-married,Own-child,Male,
563-56-3563,30.0,HS-grad,,Unmarried,Female,>50K
441-44-1441,24.0,Some-college,Never-married,,Female,
709-70-9709,47.0,,Divorced,Unmarried,Male,>50K
200-20-0200,35.0,Some-college,Separated,Unmarried,,
371-37-1371,30.0,5th-6th,,Husband,Male,<=50K
341-34-1341,51.0,Assoc-voc,Married-civ-spouse,Husband,Male,>50K
021-02-1021,33.0,,,Not-in-family,,<=50K
228-22-8228,50.0,Prof-school,Never-married,Not-in-family,Female,<=50K
886-88-6886,58.0,HS-grad,,Not-in-family,,<=50K
863-86-3863,27.0,12th,Married-civ-spouse,Husband,,<=50K
663-66-3663,,Bachelors,Married-civ-spouse,,Male,
435-43-5435,27.0,,Never-married,Other-relative,,<=50K
259-25-9259,30.0,,Separated,Not-in-family,,<=50K
655-65-5655,28.0,Bachelors,Never-married,,Female,
285-28-5285,33.0,,Never-married,,,
857-85-7857,36.0,,Married-civ-spouse,,Male,>50K
885-88-5885,42.0,HS-grad,Separated,Unmarried,,
008-00-8008,62.0,Bachelors,Married-civ-spouse,Husband,Male,>50K
833-83-3833,74.0,10th,Married-civ-spouse,Husband,Male,<=50K
731-73-1731,27.0,,Married-civ-spouse,Husband,,
606-60-6606,46.0,Some-college,Married-civ-spouse,Husband,Male,>50K
795-79-5795,24.0,,,Own-child,Male,<=50K
236-23-6236,37.0,,,,,
614-61-4614,32.0,HS-grad,,Not-in-family,Female,<=50K
383-38-3383,28.0,,,Husband,Male,<=50K
241-24-1241,38.0,HS-grad,Married-civ-spouse,,,
604-60-4604,53.0,Some-college,Divorced,,Female,<=50K
035-03-5035,22.0,Some-college,,,Male,
469-46-9469,66.0,,,Not-in-family,Female,
979-97-9979,52.0,HS-grad,,Husband,,
098-09-8098,27.0,,Married-civ-spouse,,,<=50K
225-22-5225,,,Widowed,Not-in-family,Female,
600-60-0600,40.0,HS-grad,Never-married,Own-child,Female,<=50K
444-44-4444,,,Never-married,Unmarried,,<=50K
658-65-8658,27.0,,Separated,Not-in-family,,
313-31-3313,40.0,,Separated,,,
461-46-1461,29.0,HS-grad,Never-married,Unmarried,,<=50K
775-77-5775,30.0,,Divorced,Not-in-family,Female,
876-87-6876,45.0,HS-grad,Married-civ-spouse,Husband,Male,
376-37-6376,,,Married-civ-spouse,Husband,,>50K
387-38-7387,54.0,11th,Married-civ-spouse,,Male,>50K
356-35-6356,50.0,HS-grad,Never-married,Own-child,,
605-60-5605,41.0,Bachelors,Separated,Not-in-family,Male,<=50K
553-55-3553,,Assoc-voc,Never-married,Own-child,Male,<=50K
852-85-2852,39.0,Masters,,Not-in-family,,<=50K
524-52-4524,65.0,,,Husband,,<=50K
455-45-5455,58.0,HS-grad,Widowed,Not-in-family,,
214-21-4214,27.0,Bachelors,Never-married,Unmarried,Male,<=50K
006-00-6006,54.0,,Married-civ-spouse,,,
618-61-8618,17.0,HS-grad,Never-married,,Male,<=50K
044-04-4044,35.0,HS-grad,Married-civ-spouse,Husband,Male,<=50K
138-13-8138,29.0,Bachelors,Divorced,Own-child,Female,
715-71-5715,42.0,Some-college,Never-married,Not-in-family,Male,<=50K
425-42-5425,51.0,,,Husband,Male,<=50K
127-12-7127,22.0,HS-grad,Never-married,,Male,
381-38-1381,40.0,,,Husband,,
332-33-2332,,Some-college,Never-married,,Female,<=50K
243-24-3243,29.0,Some-college,Married-civ-spouse,Husband,Male,<=50K
000-00-0000,47.0,Some-college,,Husband,,
